borrower_id,name,class_name,phone
SV001,Nguyễn Văn An,CNTT-K47,0911528976
SV002,Trần Thị Bình,KHMT-K45,0932627608
SV003,Lê Văn Cường,HTTT-K46,
SV004,Phạm Thị Dung,CNTT-K46,0849897915
SV005,Hoàng Văn Em,CNTT-K47,0336524710
SV006,Đỗ Thị Phương,KHMT-K45,0932894053
SV007,Vũ Văn Giang,HTTT-K46,
SV008,Bùi Thị Hạnh,CNTT-K46,0325786286
SV009,Đặng Văn Khoa,CNTT-K47,0325071894
SV010,Ngô Thị Lan,KHMT-K45,0707868234
SV011,Dương Văn Minh,HTTT-K46,
SV012,Lý Thị Nga,CNTT-K46,0849895537
SV013,Võ Đức Giang,KHMT-K46,0336952157
SV014,Ngô Xuân Sang,KTPM-K48,0325926027
SV015,Hồ Bá Phúc,CNTT-K48,0973782471
SV016,Huỳnh Kim Yến,MMT-K46,0798444656
SV017,Huỳnh Công Long,HTTT-K46,0932049466
SV018,Trương Văn Minh,HTTT-K47,0932856985
SV019,Ngô Đinh Khang,CNTT-K48,0325731313
SV020,Lê Thị Mai,CNTT-K45,0911392300
SV021,Trương Quốc Huy,KTPM-K48,0911394602
SV022,Phan Đinh Sang,KHMT-K45,0932049726
SV023,Mai Hữu Cường,GV-Khoa,0849430004
SV024,Vũ Quốc Sang,HTTT-K47,0336910759
SV025,Nguyễn Đinh Giang,CNTT-K46,0932759942
SV026,Bùi Ngọc Nga,HTTT-K47,0325634757
SV027,Nguyễn Văn Tuấn,HTTT-K46,0336244282
SV028,Lý Đinh Đạt,HTTT-K46,0798521313
SV029,Võ Thu Thảo,HTTT-K47,0798447173
SV030,Đặng Ngọc Nga,KTPM-K48,0849107265
SV031,Hồ Diệp Anh,KHMT-K45,0973717534
SV032,Vũ Thanh Trung,MMT-K46,0707571179
SV033,Đỗ Hữu Giang,HTTT-K46,
SV034,Hoàng Quốc Đạt,CNTT-K45,0911088597
SV035,Ngô Công Khang,KTPM-K47,0973728995
SV036,Võ Quốc Khang,KHDL-K47,
SV037,Đinh Ngọc Nga,CNTT-K45,0911446534
SV038,Hoàng Minh Phong,HTTT-K47,0849975394
SV039,Nguyễn Đức Phong,CNTT-K46,0911444402
SV040,Phạm Hồng Lan,HTTT-K46,0325305978
SV041,Trần Thanh Em,GV-Khoa,0336946897
SV042,Lý Thu Hương,CNTT-K45,0707111430
SV043,Mai Diệp Ngọc,HTTT-K47,0911528568
SV044,Đặng Văn Khang,GV-Khoa,0707201897
SV045,Huỳnh Thanh Dieu,CNTT-K48,0984442688
SV046,Nguyễn Xuân Sang,KHMT-K46,0984026230
SV047,Hoàng Ngọc Mai,CNTT-K47,
SV048,Huỳnh Xuân Giang,KHMT-K45,0984200214
SV049,Võ Hữu Em,KHMT-K46,0911010269
SV050,Mai Đinh Việt,MMT-K46,
SV051,Nguyễn Minh Trung,CNTT-K46,0911015792
SV052,Đinh Lan Yến,HTTT-K47,
SV053,Đinh Đức Huy,GV-Khoa,0336369576
SV054,Ngô Kim Bình,KTPM-K48,0707394282
SV055,Phạm Quốc Long,HTTT-K47,0849863314
SV056,Đặng Thanh Tuấn,KHDL-K47,0849710021
SV057,Huỳnh Ngọc Bình,CNTT-K46,0932428289
SV058,Vũ Quốc Tài,HTTT-K46,0911376943
SV059,Nguyễn Xuân Giang,CNTT-K46,0932869113
SV060,Mai Lan Dieu,KHMT-K46,0336999478
SV061,Hồ Thanh Cường,HTTT-K46,0798202075
SV062,Nguyễn Lan Trang,CNTT-K48,
SV063,Phan Diệp Hà,HTTT-K47,
SV064,Ngô Thanh Dung,MMT-K46,0707273346
SV065,Dương Diệp Bình,HTTT-K47,0707884079
SV066,Hoàng Hồng Phương,KTPM-K47,0336202302
SV067,Hồ Quốc Phong,HTTT-K47,0707344947
SV068,Dương Văn Em,KTPM-K47,0911343668
SV069,Nguyễn Quốc Phong,KHDL-K47,0932859944
SV070,Vũ Thu Lan,KHMT-K46,0849914246
SV071,Mai Bá Long,GV-Khoa,0798427999
SV072,Đinh Đinh Khang,MMT-K46,0707885998
SV073,Võ Thanh Phương,CNTT-K46,0325978978
SV074,Trần Công Huy,CNTT-K48,0911769884
SV075,Ngô Thanh Cường,HTTT-K46,0798692662
SV076,Đỗ Quốc Đạt,KHMT-K45,0325608686
SV077,Lê Bá Phong,GV-Khoa,0973139430
SV078,Bùi Bá Việt,KHDL-K47,0911131024
SV079,Dương Kim Hương,HTTT-K47,0984472466
SV080,Đặng Minh Minh,CNTT-K48,0849955730
SV081,Bùi Mỹ Phương,KTPM-K47,0911899117
SV082,Phan Diệp Hạnh,CNTT-K48,0325995398
SV083,Phạm Diệp Châu,KTPM-K48,0911840017
SV084,Trương Thu Trang,KHMT-K46,0325921111
SV085,Võ Hồng Anh,CNTT-K46,0707101526
SV086,Ngô Đinh Cường,HTTT-K46,0973176886
SV087,Lý Mỹ Văn,HTTT-K47,0336917376
SV088,Đỗ Kim Phương,KHMT-K46,0707981573
SV089,Ngô Thị Anh,HTTT-K47,0849181559
SV090,Dương Thị Nga,KHMT-K46,0932685239
SV091,Đinh Hữu Giang,GV-Khoa,0973021572
SV092,Vũ Bảo Anh,KHDL-K47,0707559998
SV093,Võ Bá Sơn,KTPM-K47,0932782473
SV094,Ngô Mỹ Quỳnh,KHDL-K47,0973462020
SV095,Lê Thanh Trang,KHDL-K47,0932182018
SV096,Hồ Mỹ Dung,MMT-K46,0707285991
SV097,Hồ Công Giang,MMT-K46,
SV098,Trương Bảo Dieu,CNTT-K47,0707623186
SV099,Huỳnh Thị Thảo,MMT-K46,0325946084
SV100,Trần Văn Tài,HTTT-K46,0973694026
SV101,Vũ Minh Tài,CNTT-K47,0932102404
SV102,Đặng Thanh Trang,KHDL-K47,0798186276
SV103,Võ Kim Hạnh,CNTT-K47,0932185950
SV104,Hồ Thu Hà,KHMT-K46,0336044244
SV105,Hoàng Quốc Việt,CNTT-K46,0325268266
SV106,Lê Kim Yến,KHMT-K45,0849447301
SV107,Đặng Minh Phong,MMT-K46,0932171078
SV108,Bùi Bá An,KTPM-K48,0849897233
SV109,Đặng Thị Dung,KHMT-K46,0973753972
SV110,Phan Ngọc Oanh,KHDL-K47,0911076004
SV111,Hoàng Quốc Quang,CNTT-K47,0932717566
SV112,Hoàng Hữu Phúc,CNTT-K45,0798239859
SV113,Huỳnh Thanh Thảo,MMT-K46,0932049433
SV114,Võ Ngọc Hương,KTPM-K47,0798575343
SV115,Hồ Mỹ Hà,CNTT-K45,0984079239
SV116,Trần Công Đạt,KHMT-K45,0707657689
SV117,Ngô Thanh Văn,KTPM-K48,0849108989
SV118,Ngô Thị Thảo,KHMT-K45,0336336055
SV119,Võ Thanh Khoa,HTTT-K47,0911566699
SV120,Phan Bá Nam,KHMT-K46,
SV121,Trương Thu Lan,MMT-K46,0707669265
SV122,Phạm Quốc Minh,GV-Khoa,0849172433
SV123,Huỳnh Thanh Hạnh,MMT-K46,0707114026
SV124,Lý Thị Yến,CNTT-K46,0336888502
SV125,Đinh Công Long,KHMT-K46,
SV126,Phan Minh Tuấn,KTPM-K48,0973982302
SV127,Đỗ Thanh Long,KHMT-K46,
SV128,Nguyễn Quốc Em,GV-Khoa,
SV129,Đinh Thanh Nam,CNTT-K46,0336662185
SV130,Ngô Lan Hương,CNTT-K48,0973304307
SV131,Hồ Quốc Trung,KTPM-K48,0707569114
SV132,Bùi Hồng Quỳnh,KHMT-K45,0849497249
SV133,Mai Ngọc Quỳnh,CNTT-K45,0984720266
SV134,Phan Văn Quang,HTTT-K46,0336682881
SV135,Vũ Văn Cường,HTTT-K47,0973466211
SV136,Lê Hồng Nga,KHMT-K46,0849202439
SV137,Ngô Kim Oanh,KTPM-K48,
SV138,Lý Thanh Việt,CNTT-K48,0336563184
SV139,Hoàng Thị Ngọc,KTPM-K47,
SV140,Đinh Bá Giang,KTPM-K48,0336265576
SV141,Trương Mỹ Mai,KTPM-K48,0984230447
SV142,Vũ Đinh Long,CNTT-K48,
SV143,Lý Văn Long,KTPM-K47,0798986217
SV144,Phan Diệp Quỳnh,HTTT-K47,0911462626
SV145,Đinh Thanh Khoa,KHMT-K46,
SV146,Trương Công Khoa,KHDL-K47,
SV147,Phạm Bá Sang,HTTT-K47,0849431592
SV148,Trần Quốc Sang,KHMT-K45,0849185559
SV149,Bùi Đức An,CNTT-K46,0336895559
SV150,Đinh Xuân Nam,MMT-K46,0798104204
SV151,Võ Đức Nam,CNTT-K47,0932366557
SV152,Trương Minh Tài,CNTT-K47,0325594005
SV153,Ngô Mỹ Hương,KHDL-K47,0336339524
SV154,Mai Mỹ Bình,KHMT-K46,0973173663
SV155,Phạm Bảo Văn,CNTT-K48,0849404375
SV156,Phan Đinh Nam,KHMT-K45,0325955608
SV157,Đinh Đức Quang,HTTT-K46,0984239473
SV158,Mai Văn Minh,KTPM-K48,0973378953
SV159,Trần Đinh Sang,KHDL-K47,0984757398
SV160,Nguyễn Thanh Long,GV-Khoa,0707521528
SV161,Đinh Văn Nam,KTPM-K47,0984981081
SV162,Hồ Thu Phương,GV-Khoa,0336372601
SV163,Nguyễn Văn Việt,KHDL-K47,0336943730
SV164,Trần Đức Khoa,HTTT-K47,0911130079
SV165,Trương Xuân Phong,GV-Khoa,0932082139
SV166,Đinh Diệp Quỳnh,GV-Khoa,0973140572
SV167,Đặng Thanh Hạnh,CNTT-K47,0973000071
SV168,Lê Kim Lan,CNTT-K47,0325044718
SV169,Nguyễn Kim Quỳnh,GV-Khoa,0984681757
SV170,Vũ Diệp Quỳnh,GV-Khoa,0849710466
SV171,Phan Công Long,KHDL-K47,0798813349
SV172,Phan Bá Trung,CNTT-K46,0849473637
SV173,Lý Thanh Em,KHDL-K47,0973100733
SV174,Lê Thanh Hạnh,KTPM-K47,0973153791
SV175,Trần Lan Quỳnh,GV-Khoa,0973491463
SV176,Ngô Văn Phong,CNTT-K48,0707840814
SV177,Dương Diệp Yến,KHMT-K45,0932114981
SV178,Hồ Xuân Trung,MMT-K46,0849911149
SV179,Ngô Văn Đạt,KHMT-K45,0911565371
SV180,Ngô Công Huy,GV-Khoa,0798897637
SV181,Ngô Lan Ngọc,KHMT-K46,0932152184
SV182,Đinh Công Tuấn,KTPM-K47,0336620891
SV183,Hoàng Đức Phong,CNTT-K47,0984373971
SV184,Lê Thu Văn,CNTT-K47,0707137100
SV185,Đặng Minh Sơn,CNTT-K46,0973791040
SV186,Hoàng Quốc Minh,CNTT-K47,0911330055
SV187,Võ Đức Minh,KTPM-K47,0325349431
SV188,Lý Hồng Dung,KTPM-K48,0849815636
SV189,Lê Đức Em,CNTT-K47,0707997943
SV190,Võ Thanh Trung,CNTT-K46,0336955360
SV191,Võ Thị Hà,KHDL-K47,0707268639
SV192,Đặng Hữu Giang,KHMT-K45,0707278428
SV193,Đinh Diệp Anh,MMT-K46,0849534665
SV194,Trương Hữu Khoa,KHDL-K47,0325057684
SV195,Đặng Hồng Mai,CNTT-K46,0984343431
SV196,Huỳnh Ngọc Hương,CNTT-K48,0911117528
SV197,Phan Hữu Em,KTPM-K47,0932897972
SV198,Vũ Bảo Văn,GV-Khoa,0336889102
SV199,Hồ Ngọc Phương,CNTT-K47,0336663914
SV200,Lý Kim Yến,KHMT-K46,0973756686
SV201,Lý Đinh Nam,HTTT-K46,0336281002
SV202,Huỳnh Đinh Phong,KTPM-K47,0325008530
SV203,Võ Minh An,HTTT-K47,0911082786
SV204,Huỳnh Văn Phong,CNTT-K46,0911572181
SV205,Ngô Xuân Giang,HTTT-K47,0336868478
SV206,Võ Đức Phong,CNTT-K48,
SV207,Lê Minh Khang,CNTT-K47,0798521360
SV208,Mai Quốc Trung,GV-Khoa,0984423373
SV209,Trần Bá Huy,CNTT-K48,0325759976
SV210,Hồ Đức Quang,CNTT-K48,0325992086
SV211,Trương Đức Huy,CNTT-K48,0707104247
SV212,Lê Thu Yến,KHMT-K46,0973762082
SV213,Hoàng Lan Hà,CNTT-K48,0973734399
SV214,Mai Xuân An,MMT-K46,0798102189
SV215,Võ Văn An,CNTT-K48,
SV216,Nguyễn Thanh Khoa,KHMT-K46,0798466943
SV217,Ngô Bá Cường,KHDL-K47,0973371369
SV218,Ngô Thu Lan,MMT-K46,0707578913
SV219,Hoàng Thị Lan,HTTT-K47,
SV220,Phan Diệp Oanh,KTPM-K47,0849139597
SV221,Ngô Xuân Minh,HTTT-K47,0707571146
SV222,Phan Đức Tuấn,CNTT-K47,0336568697
SV223,Dương Kim Dung,KTPM-K47,0984665697
SV224,Võ Mỹ Ngọc,CNTT-K45,0336633920
SV225,Mai Đinh Phong,KHMT-K46,0932623102
SV226,Phạm Thu Quỳnh,MMT-K46,0849759286
SV227,Bùi Kim Linh,MMT-K46,
SV228,Đặng Minh Cường,MMT-K46,0336895731
SV229,Đinh Văn Sang,KTPM-K48,0973428433
SV230,Trương Công Quang,CNTT-K46,0798956266
SV231,Võ Xuân Quang,KHMT-K45,0932881810
SV232,Vũ Minh An,GV-Khoa,0932155665
SV233,Trần Văn Giang,KTPM-K47,0973130824
SV234,Trương Ngọc Thảo,KTPM-K48,0973360176
SV235,Phạm Kim Hạnh,KTPM-K48,
SV236,Dương Hữu Phong,CNTT-K47,0849766972
SV237,Phạm Minh Giang,KHMT-K46,0849439184
SV238,Vũ Công An,KTPM-K47,0973492330
SV239,Trần Minh Sang,KHDL-K47,0336527117
SV240,Trần Thị Quỳnh,CNTT-K48,0984021859
SV241,Ngô Quốc Tài,CNTT-K47,0849156234
SV242,Phan Ngọc Dieu,HTTT-K47,
SV243,Huỳnh Đức Minh,CNTT-K48,0849179427
SV244,Dương Thanh Quang,KHMT-K46,0798657555
SV245,Phạm Mỹ Mai,GV-Khoa,0798923150
SV246,Trương Minh Khang,GV-Khoa,0911788218
SV247,Nguyễn Quốc Sơn,GV-Khoa,0336376563
SV248,Nguyễn Hồng Bình,KHMT-K45,0336888278
SV249,Võ Lan Hương,KHMT-K45,
SV250,Mai Công Quang,KHMT-K45,0911046011
